{"cameraMode":{"drawMode":0,"name":"Shaded","section":"Shading Mode"},"sceneLighting":true,"audioPlay":false,"sceneViewState":{"m_AlwaysRefresh":false,"showFog":true,"showSkybox":true,"showFlares":true,"showImageEffects":true,"showParticleSystems":true,"showVisualEffectGraphs":true,"m_FxEnabled":true},"in2DMode":false,"pivot":{"x":19.123699188232423,"y":-0.08288002014160156,"z":25.776222229003908},"rotation":{"x":-0.02340957336127758,"y":0.8798887133598328,"z":-0.47261640429496767,"w":-0.043591998517513278},"size":10.570094108581543,"orthographic":false}